id,nama_perusahaan,jenis_lowongan,pendidikan,lokasi
1,PD Prasetyo Tbk,Teknik,SD,KABUPATEN MAHAKAM HULU
2,UD Wijayanti Mardhiyah,T,S1/D4,KABUPATEN PEKALONGAN
3,UD Puspita,T,SMP,KABUPATEN BUTON UTARA
4,CV Nainggolan (Persero) Tbk,T,SD,KABUPATEN MAYBRAT
5,Perum Rahimah,T,SMA/SMK,KABUPATEN TAPANULI UTARA
6,CV Wijaya Kusumo Tbk,T,SMA/SMK,KABUPATEN ACEH TENGAH
7,Perum Wijaya Tbk,T,SMA/SMK,KABUPATEN PELALAWAN
8,PD Nugroho,T,SD,KABUPATEN LUWU TIMUR
9,PD Tamba Tbk,T,SMA/SMK,KOTA TANJUNG BALAI
10,PT Mandasari Winarsih Tbk,T,SD,KABUPATEN MALINAU
11,Perum Saefullah,T,SD,KABUPATEN S I A K
12,UD Siregar Fujiati (Persero) Tbk,T,SMA/SMK,KABUPATEN BOGOR
13,PD Januar (Persero) Tbk,T,S1/D4,KABUPATEN SORONG
14,UD Saefullah,T,SMA/SMK,KABUPATEN KEPULAUAN MERANTI
15,UD Suwarno Maheswara (Persero) Tbk,T,S1/D4,KABUPATEN MAMBERAMO TENGAH
16,UD Setiawan Pratiwi Tbk,T,SMP,KABUPATEN ACEH BESAR
17,CV Rahmawati Utami,T,SMP,KABUPATEN MAPPI
18,PD Damanik Budiman,T,SMA/SMK,KABUPATEN MUNA
19,Perum Sihombing Mayasari Tbk,T,SMA/SMK,KABUPATEN BALANGAN
20,UD Putra,T,SD,KOTA MAKASSAR
21,Perum Hakim Tbk,T,SD,KABUPATEN WAROPEN
22,Perum Kuswandari Tbk,T,S1/D4,KABUPATEN GAYO LUES
23,CV Budiman Hutasoit,T,S1/D4,KABUPATEN ACEH BESAR
24,PT Budiman,T,SMP,KABUPATEN HALMAHERA UTARA
25,CV Hutapea Suwarno Tbk,T,SD,KABUPATEN NABIRE
26,UD Simanjuntak,T,SD,KABUPATEN SELUMA
27,UD Yuliarti,T,SMP,KOTA SAWAH LUNTO
28,PT Wasita,T,S1/D4,KABUPATEN BIREUEN
29,UD Wulandari Yuliarti (Persero) Tbk,T,SMP,KABUPATEN JOMBANG
30,Perum Nurdiyanti Lazuardi,T,SMA/SMK,KABUPATEN JEPARA
31,Perum Maryadi Tbk,T,SMA/SMK,KABUPATEN KOTAWARINGIN BARAT
32,CV Prasetya Tbk,T,SMP,KABUPATEN KOTA BARU
33,PT Prastuti,T,SMA/SMK,KABUPATEN NABIRE
34,UD Thamrin (Persero) Tbk,T,SD,KABUPATEN TOJO UNA-UNA
35,CV Maryadi Adriansyah,T,S1/D4,KABUPATEN BELU
36,Perum Latupono Halimah,T,S1/D4,KABUPATEN INDRAGIRI HILIR
37,CV Saragih Nashiruddin (Persero) Tbk,T,SD,KABUPATEN BUNGO
38,UD Hariyah,T,SMP,KABUPATEN NIAS BARAT
39,Perum Hartati,T,SD,KABUPATEN MALAKA
40,CV Andriani Najmudin,T,SD,KOTA SAMARINDA
41,PT Uyainah Siregar (Persero) Tbk,T,SMA/SMK,KOTA KEDIRI
42,PD Tampubolon,T,SMA/SMK,KABUPATEN MAROS
43,Perum Kusumo,T,S1/D4,KABUPATEN LAMPUNG SELATAN
44,Perum Yuliarti Damanik,T,SD,KABUPATEN LEBAK
45,Perum Halimah Hakim,T,SD,KABUPATEN PESAWARAN
46,PT Tarihoran (Persero) Tbk,T,SMP,KABUPATEN MAROS
47,PD Maulana,T,SMA/SMK,KABUPATEN MERAUKE
48,PD Napitupulu Padmasari,T,SMA/SMK,KABUPATEN JENEPONTO
49,CV Dongoran Pratama (Persero) Tbk,T,SMA/SMK,KOTA PEMATANG SIANTAR
50,PT Thamrin (Persero) Tbk,T,S1/D4,KOTA TUAL
51,CV Napitupulu Sudiati,T,S1/D4,KABUPATEN PEMALANG
52,PT Tampubolon Tarihoran (Persero) Tbk,T,SMP,KABUPATEN LEBONG
53,Perum Setiawan,T,SD,KOTA SALATIGA
54,CV Nainggolan Hutapea (Persero) Tbk,T,SMA/SMK,KABUPATEN PADANG PARIAMAN
55,PT Thamrin,T,SMA/SMK,KABUPATEN MUARA ENIM
56,CV Waskita Halim,T,S1/D4,KABUPATEN MUSI RAWAS
57,UD Firmansyah Tbk,T,SD,KABUPATEN PULANG PISAU
58,PT Adriansyah Maheswara Tbk,T,S1/D4,KABUPATEN BONE BOLANGO
59,UD Sudiati Kuswandari,T,SD,KABUPATEN S I A K
60,PD Namaga Tbk,T,S1/D4,KABUPATEN GIANYAR
61,Perum Suwarno Rahayu,T,S1/D4,KABUPATEN KEPULAUAN YAPEN
62,PD Purnawati Lailasari,T,SD,KABUPATEN BENGKULU TENGAH
63,PD Aryani Susanti (Persero) Tbk,T,SMP,KABUPATEN MANDAILING NATAL
64,Perum Setiawan,T,SMA/SMK,KABUPATEN PUNCAK JAYA
65,UD Kurniawan Tbk,T,SMP,KABUPATEN TASIKMALAYA
66,CV Dabukke,T,S1/D4,KABUPATEN NABIRE
67,PT Winarsih (Persero) Tbk,T,SD,KABUPATEN MALANG
68,CV Rahmawati,T,S1/D4,KABUPATEN KONAWE SELATAN
69,Perum Natsir Nababan,T,SD,KABUPATEN NABIRE
70,CV Maheswara,T,SD,KABUPATEN REJANG LEBONG
71,PD Fujiati Fujiati,T,SMP,KABUPATEN MUNA BARAT
72,PT Usada Siregar Tbk,T,SMP,KOTA JAKARTA UTARA
73,PD Maryati,T,SMP,KOTA KUPANG
74,PT Anggraini Wijayanti (Persero) Tbk,T,SMP,KOTA PADANG PANJANG
75,CV Agustina Zulkarnain (Persero) Tbk,T,SD,KOTA JAKARTA UTARA
76,PD Sihombing Safitri Tbk,T,SD,KABUPATEN BANTUL
77,PD Megantara,T,SMP,KABUPATEN BOALEMO
78,UD Kuswoyo Usada,T,SMP,KABUPATEN PASAMAN
79,CV Wasita Habibi,T,SMA/SMK,KABUPATEN BANGKALAN
80,PD Sirait Laksmiwati Tbk,T,SMP,KABUPATEN MINAHASA SELATAN
81,Perum Purnawati Tbk,T,S1/D4,KABUPATEN BURU
82,PT Marbun Saragih,T,SMP,KABUPATEN INDRAGIRI HILIR
83,PT Hasanah Melani (Persero) Tbk,T,SD,KABUPATEN KEPULAUAN MERANTI
84,PD Hutasoit Wulandari,T,SD,KABUPATEN LABUHAN BATU SELATAN
85,Perum Haryanti Tbk,T,SMA/SMK,KABUPATEN SERANG
86,Perum Hardiansyah Maryati,T,SMP,KABUPATEN NIAS SELATAN
87,Perum Novitasari Wibowo,T,SMA/SMK,KABUPATEN TIMOR TENGAH UTARA
88,PD Haryanto Simanjuntak Tbk,T,SMP,KABUPATEN HULU SUNGAI TENGAH
89,CV Andriani Firgantoro (Persero) Tbk,T,SMP,KABUPATEN KAMPAR
90,UD Uyainah,T,SD,KABUPATEN BULUKUMBA
91,UD Nurdiyanti Najmudin,T,S1/D4,KOTA KOTAMOBAGU
92,UD Hutapea,T,SMP,KABUPATEN MAMUJU TENGAH
93,PT Mardhiyah (Persero) Tbk,T,S1/D4,KABUPATEN ROTE NDAO
94,UD Laksita Mulyani,T,SMA/SMK,KABUPATEN TOBA SAMOSIR
95,PT Aryani,T,SMA/SMK,KABUPATEN BOGOR
96,PT Utama,T,SD,KABUPATEN KOTAWARINGIN BARAT
97,Perum Mangunsong Tbk,T,SMP,KABUPATEN DELI SERDANG
98,PT Widodo Maulana,T,S1/D4,KABUPATEN KONAWE SELATAN
99,CV Manullang Yuliarti (Persero) Tbk,T,SMA/SMK,KABUPATEN CIANJUR
100,UD Widiastuti Wijayanti Tbk,T,S1/D4,KABUPATEN PASER
101,PT Nasyiah,T,SMA/SMK,KOTA SURAKARTA
102,UD Sitompul (Persero) Tbk,T,S1/D4,KABUPATEN PATI
103,PD Wahyudin,T,S1/D4,KABUPATEN SEKADAU
104,CV Wahyuni Tbk,T,SMP,KABUPATEN MUKOMUKO
105,Perum Aryani Pradana,T,SMP,KABUPATEN LUWU
106,PD Prastuti,T,SMA/SMK,KABUPATEN BANTAENG
107,CV Anggraini Yolanda (Persero) Tbk,T,SMP,KABUPATEN SIKKA
108,CV Simanjuntak Anggraini,T,SD,KABUPATEN LAMONGAN
109,UD Sitompul,T,SD,KABUPATEN CIAMIS
110,PT Agustina Kusumo (Persero) Tbk,T,SMA/SMK,KABUPATEN MUARA ENIM
111,PT Permadi (Persero) Tbk,T,S1/D4,KABUPATEN OGAN KOMERING ULU SELATAN
112,CV Wacana Setiawan (Persero) Tbk,T,SD,KABUPATEN KAPUAS
113,PD Nashiruddin Prasetya Tbk,T,SD,KABUPATEN DEMAK
114,UD Yuniar Kusmawati Tbk,T,SMP,KABUPATEN PUNCAK JAYA
115,Perum Kusmawati,T,SMP,KABUPATEN NGANJUK
116,PD Irawan,T,S1/D4,KOTA TERNATE
117,UD Gunarto,T,SMP,KABUPATEN MAYBRAT
118,CV Astuti Iswahyudi (Persero) Tbk,T,S1/D4,KABUPATEN NAGAN RAYA
119,PT Irawan (Persero) Tbk,T,S1/D4,KABUPATEN ACEH TAMIANG
120,PT Halimah,T,SMA/SMK,KABUPATEN PANGANDARAN
121,PT Usamah Pratiwi,T,SMP,KABUPATEN TEMANGGUNG
122,PT Dabukke (Persero) Tbk,T,S1/D4,KOTA BLITAR
123,PD Hakim Mardhiyah,T,SD,KABUPATEN NGADA
124,Perum Anggraini (Persero) Tbk,T,S1/D4,KABUPATEN HALMAHERA UTARA
125,CV Saragih,T,SD,KABUPATEN BANYUWANGI
126,PT Yulianti Permata,T,S1/D4,KABUPATEN NIAS SELATAN
127,PD Winarno Tbk,T,SMP,KABUPATEN OGAN KOMERING ILIR
128,PT Ardianto,T,SMA/SMK,KABUPATEN LOMBOK TENGAH
129,PT Santoso,T,SMA/SMK,KABUPATEN BENER MERIAH
130,PD Lestari Tbk,T,S1/D4,KABUPATEN MURUNG RAYA
131,PT Salahudin,T,S1/D4,KABUPATEN KUNINGAN
132,UD Pratiwi Tbk,T,SMA/SMK,KOTA DEPOK
133,PD Sihombing Sihombing,T,SMA/SMK,KABUPATEN SORONG SELATAN
134,Perum Mayasari,T,SD,KABUPATEN KERINCI
135,UD Winarsih (Persero) Tbk,T,SMA/SMK,KABUPATEN TOJO UNA-UNA
136,Perum Anggraini Wibowo,T,SMP,KABUPATEN MIMIKA
137,PD Sihotang Riyanti (Persero) Tbk,T,SMA/SMK,KABUPATEN MAJENE
138,PT Melani,T,SMA/SMK,KOTA BITUNG
139,CV Simbolon,T,SMP,KABUPATEN SINTANG
140,UD Situmorang Siregar,T,SD,KABUPATEN BANGKA BARAT
141,Perum Simbolon,T,SMA/SMK,KABUPATEN LEMBATA
142,CV Riyanti Puspita,T,SMP,KABUPATEN MOROWALI
143,UD Anggriawan (Persero) Tbk,T,SD,KABUPATEN LAMPUNG BARAT
144,PD Susanti Tbk,T,SMP,KABUPATEN AGAM
145,CV Permata,T,S1/D4,KABUPATEN PANGANDARAN
146,CV Widiastuti Mayasari,T,SD,KABUPATEN TEBO
147,UD Damanik Wibisono Tbk,T,SD,KABUPATEN TIMOR TENGAH SELATAN
148,PD Hastuti Hariyah (Persero) Tbk,T,S1/D4,KABUPATEN ACEH SELATAN
149,PT Widodo Damanik (Persero) Tbk,T,SMA/SMK,KABUPATEN GUNUNG MAS
150,CV Halimah Hidayanto,T,SMP,KABUPATEN KEPULAUAN ARU
151,PD Waskita Prasetya,T,S1/D4,KABUPATEN BURU SELATAN
152,Perum Prabowo Haryanto,T,SD,KABUPATEN KONAWE UTARA
153,Perum Zulkarnain,T,SMA/SMK,KABUPATEN NATUNA
154,CV Yuliarti,T,S1/D4,KABUPATEN LANDAK
155,CV Yuniar Sihombing,T,S1/D4,KABUPATEN MALUKU BARAT DAYA
156,CV Rahimah Winarno,T,SD,KABUPATEN MAMBERAMO TENGAH
157,PT Firgantoro,T,S1/D4,KABUPATEN PIDIE JAYA
158,PD Andriani,T,S1/D4,KABUPATEN KEPULAUAN ARU
159,PD Hutapea,T,S1/D4,KABUPATEN GARUT
160,PD Pradana Saputra,T,S1/D4,KABUPATEN MALINAU
161,Perum Mandala Narpati,T,SD,KABUPATEN NGANJUK
162,Perum Samosir (Persero) Tbk,T,SD,KABUPATEN KEPULAUAN SERIBU
163,CV Maryati (Persero) Tbk,T,SMA/SMK,KOTA PEKALONGAN
164,PD Ramadan,T,SMA/SMK,KABUPATEN DEIYAI
165,Perum Mulyani Uyainah,T,S1/D4,KABUPATEN HULU SUNGAI TENGAH
166,CV Uwais (Persero) Tbk,T,SMP,KOTA TIDORE KEPULAUAN
167,PT Zulaika (Persero) Tbk,T,SD,KABUPATEN JAYAPURA
168,CV Suryono,T,SMP,KABUPATEN BEKASI
169,CV Astuti Habibi (Persero) Tbk,T,SMA/SMK,KABUPATEN PASURUAN
170,Perum Permata (Persero) Tbk,T,SD,KABUPATEN CILACAP
171,PT Zulkarnain Maryadi,T,SMP,KABUPATEN BENGKALIS
172,PD Oktaviani,T,SMA/SMK,KABUPATEN KUTAI BARAT
173,Perum Sinaga Tbk,T,SD,KABUPATEN BANTUL
174,UD Sitompul Wacana,T,S1/D4,KABUPATEN MIMIKA
175,PT Napitupulu Zulaika Tbk,T,SMP,KABUPATEN LOMBOK TIMUR
176,UD Uwais Oktaviani,T,SD,KABUPATEN GORONTALO
177,PT Mulyani Nababan,T,SMP,KOTA JAYAPURA
178,CV Nuraini Mandasari,T,SMP,KABUPATEN BANGGAI LAUT
179,Perum Januar Tbk,T,SD,KABUPATEN MURUNG RAYA
180,UD Mayasari,T,SD,KABUPATEN OGAN KOMERING ULU SELATAN
181,UD Hakim Tbk,T,S1/D4,KABUPATEN TANA TORAJA
182,Perum Adriansyah Kuswandari,T,SD,KOTA PEMATANG SIANTAR
183,UD Lestari Uyainah Tbk,T,SMA/SMK,KABUPATEN KUBU RAYA
184,Perum Safitri Mulyani Tbk,T,S1/D4,KABUPATEN LINGGA
185,PT Wahyudin Widiastuti,T,SMP,KABUPATEN PADANG PARIAMAN
186,CV Puspasari,T,S1/D4,KABUPATEN MINAHASA UTARA
187,Perum Suryatmi,T,S1/D4,KABUPATEN LINGGA
188,Perum Pangestu,T,SD,KOTA BENGKULU
189,PT Rahayu Pangestu (Persero) Tbk,T,S1/D4,KABUPATEN ROTE NDAO
190,UD Haryanto,T,S1/D4,KABUPATEN BANDUNG BARAT
191,UD Saputra Tbk,T,SMA/SMK,KOTA PEKALONGAN
192,UD Pangestu Dongoran,T,SMA/SMK,KABUPATEN PADANG LAWAS UTARA
193,PD Budiyanto,T,SD,KABUPATEN MANGGARAI BARAT
194,PD Rahayu Irawan,T,S1/D4,KABUPATEN BUTON SELATAN
195,UD Safitri Budiman (Persero) Tbk,T,SMA/SMK,KABUPATEN PANDEGLANG
196,Perum Narpati Haryanto Tbk,T,SMA/SMK,KABUPATEN BLITAR
197,PD Farida (Persero) Tbk,T,SMA/SMK,KABUPATEN SUMBA BARAT
198,Perum Wijayanti (Persero) Tbk,T,SD,KABUPATEN NGAWI
199,PT Wibisono (Persero) Tbk,T,SMP,KABUPATEN NAGEKEO
200,UD Suryono Oktaviani,T,SMP,KABUPATEN ROKAN HILIR
201,UD Purnawati Anggriawan Tbk,T,SMP,KABUPATEN SERUYAN
202,PD Halim,T,S1/D4,KABUPATEN KUTAI TIMUR
203,PD Rahmawati Budiyanto (Persero) Tbk,T,SMP,KABUPATEN TAPANULI UTARA
204,PT Hidayat Pradipta Tbk,T,S1/D4,KABUPATEN SUBANG
205,PT Purwanti (Persero) Tbk,T,S1/D4,KABUPATEN MUNA BARAT
206,UD Wahyuni Siregar (Persero) Tbk,T,SD,KABUPATEN SITUBONDO
207,PT Hutapea Maryati,T,SD,KABUPATEN NAGAN RAYA
208,PD Kurniawan Tbk,T,SD,KABUPATEN PASAMAN BARAT
209,Perum Haryanti Tbk,T,SMA/SMK,KABUPATEN BIREUEN
210,Perum Aryani Tbk,T,SD,KABUPATEN SIJUNJUNG
211,Perum Hasanah Mahendra (Persero) Tbk,T,SD,KABUPATEN SERAM BAGIAN TIMUR
212,CV Zulaika (Persero) Tbk,T,SMA/SMK,KOTA SINGKAWANG
213,PD Simanjuntak Laksita,T,S1/D4,KABUPATEN TEBO
214,PT Tamba Lazuardi (Persero) Tbk,T,SMA/SMK,KABUPATEN KOLAKA TIMUR
215,UD Suwarno Lailasari,T,SMA/SMK,KABUPATEN BONDOWOSO
216,PD Rajasa,T,SD,KABUPATEN BUTON UTARA
217,Perum Rajata Pratiwi,T,SMA/SMK,KOTA PASURUAN
218,PT Hastuti Tbk,T,SMA/SMK,KABUPATEN ASMAT
219,PD Marpaung Prasetya,T,S1/D4,KOTA TEGAL
220,PD Mayasari Winarsih,T,SD,KOTA BINJAI
221,CV Simbolon (Persero) Tbk,T,S1/D4,KABUPATEN BANDUNG
222,PT Agustina Pertiwi,T,SMA/SMK,KABUPATEN LABUHAN BATU UTARA
223,PT Uyainah Latupono Tbk,T,SMA/SMK,KOTA SEMARANG
224,UD Haryanti (Persero) Tbk,T,S1/D4,KABUPATEN BONE BOLANGO
225,PT Samosir (Persero) Tbk,T,SD,KABUPATEN PELALAWAN
226,Perum Yuliarti Aryani (Persero) Tbk,T,SD,KOTA PASURUAN
227,PT Kuswandari (Persero) Tbk,T,SMP,KABUPATEN MALAKA
228,CV Haryanti Zulkarnain (Persero) Tbk,T,SD,KABUPATEN BENGKULU TENGAH
229,PD Prasetya Suwarno,T,S1/D4,KABUPATEN MESUJI
230,CV Hardiansyah,T,SMA/SMK,KABUPATEN KAYONG UTARA
231,UD Haryanti Riyanti,T,SD,KOTA BALIKPAPAN
232,UD Anggraini,T,S1/D4,KABUPATEN ACEH TAMIANG
233,CV Nuraini Tbk,T,SD,KABUPATEN TAPANULI SELATAN
234,Perum Prabowo Tbk,T,SMP,KOTA PANGKAL PINANG
235,CV Riyanti Halimah (Persero) Tbk,T,SMP,KABUPATEN MALUKU BARAT DAYA
236,Perum Tarihoran Mandasari (Persero) Tbk,T,SMA/SMK,KABUPATEN MAHAKAM HULU
237,PD Laksmiwati Tbk,T,S1/D4,KABUPATEN BARITO SELATAN
238,UD Maheswara Puspasari (Persero) Tbk,T,SMP,KOTA CILEGON
239,Perum Putra,T,S1/D4,KABUPATEN MALAKA
240,Perum Ramadan Tbk,T,SD,KOTA GORONTALO
241,PT Firgantoro Hutapea Tbk,T,SD,KABUPATEN PADANG PARIAMAN
242,CV Pradipta,T,S1/D4,KABUPATEN MAMUJU TENGAH
243,CV Firgantoro Pratiwi,T,SD,KOTA BONTANG
244,CV Kuswoyo Purwanti,T,SD,KABUPATEN MINAHASA
245,CV Prastuti Tbk,T,SD,KOTA PEKANBARU
246,UD Susanti,T,S1/D4,KABUPATEN PADANG PARIAMAN
247,Perum Gunarto Tbk,T,S1/D4,KABUPATEN KEEROM
248,Perum Marbun Ramadan Tbk,T,SMP,KABUPATEN TAMBRAUW
249,PD Winarno Hutagalung (Persero) Tbk,T,S1/D4,KABUPATEN BANGGAI
250,PD Kurniawan Santoso (Persero) Tbk,T,SMP,KABUPATEN SUMEDANG
251,CV Siregar Prakasa,T,S1/D4,KOTA CIREBON
252,UD Prabowo Hutapea Tbk,T,SMP,KABUPATEN FAKFAK
253,Perum Yolanda Tbk,T,S1/D4,KABUPATEN LAMONGAN
254,PT Hutagalung Puspita,T,SMP,KABUPATEN TIMOR TENGAH SELATAN
255,CV Waskita Prasetyo,T,S1/D4,KABUPATEN PESISIR SELATAN
256,PT Rahimah Agustina (Persero) Tbk,T,S1/D4,KOTA BANJAR BARU
257,CV Ramadan Mayasari,T,SD,KABUPATEN MAMBERAMO TENGAH
258,PT Kusmawati Lailasari Tbk,T,SMP,KABUPATEN BOVEN DIGOEL
259,CV Rahmawati,T,SMP,KOTA SURAKARTA
260,PT Ramadan Puspita,T,SMP,KABUPATEN MUNA
261,CV Rajata (Persero) Tbk,T,S1/D4,KABUPATEN GORONTALO
262,PD Zulaika,T,SD,KABUPATEN TORAJA UTARA
263,Perum Palastri Prabowo (Persero) Tbk,T,SD,KOTA BANDAR LAMPUNG
264,UD Rahmawati,T,S1/D4,KOTA BANJAR
265,Perum Prasetya Usada,T,SMP,KABUPATEN SUMBA BARAT
266,PD Uwais Maheswara,T,SMP,KABUPATEN KUNINGAN
267,CV Laksita Sinaga,T,S1/D4,KABUPATEN TANAH DATAR
268,Perum Novitasari Rahmawati (Persero) Tbk,T,SD,KABUPATEN BENGKULU TENGAH
269,PD Nugroho Dabukke,T,SMA/SMK,KABUPATEN BANDUNG BARAT
270,CV Manullang Santoso,T,SMP,KABUPATEN ASAHAN
271,PD Marpaung (Persero) Tbk,T,SMA/SMK,KOTA JAMBI
272,UD Waskita Kurniawan (Persero) Tbk,T,S1/D4,KABUPATEN BANGGAI KEPULAUAN
273,PT Ramadan Salahudin Tbk,T,SMA/SMK,KABUPATEN MINAHASA UTARA
274,UD Sihotang Tbk,T,SMA/SMK,KOTA MANADO
275,Perum Permata Palastri,T,SD,KABUPATEN KONAWE UTARA
276,PD Saputra Mulyani,T,S1/D4,KABUPATEN SIMALUNGUN
277,Perum Saptono Winarno,T,SD,KABUPATEN KAIMANA
278,PD Prasetyo Hutasoit,T,S1/D4,KABUPATEN SRAGEN
279,PT Thamrin Andriani,T,SD,KABUPATEN MALUKU TENGGARA
280,CV Hidayat,T,SMP,KABUPATEN PULANG PISAU
281,Perum Santoso Wibisono (Persero) Tbk,T,SD,KABUPATEN YAHUKIMO
282,PD Wahyuni Hakim,T,SD,KABUPATEN NGANJUK
283,PT Manullang,T,SMA/SMK,KABUPATEN MAJENE
284,PT Rahayu,T,SMP,KOTA DEPOK
285,CV Latupono Hutapea Tbk,T,S1/D4,KOTA PAGAR ALAM
286,CV Setiawan Suryatmi Tbk,T,SMA/SMK,KABUPATEN MAJENE
287,PT Padmasari Tbk,T,S1/D4,KOTA PALU
288,PD Purnawati (Persero) Tbk,T,SMP,KABUPATEN DOGIYAI
289,PT Adriansyah Jailani (Persero) Tbk,T,SD,KABUPATEN PAKPAK BHARAT
290,PT Anggriawan Hidayanto,T,S1/D4,KABUPATEN HULU SUNGAI SELATAN
291,UD Marbun Permata,T,SD,KABUPATEN SUMEDANG
292,UD Utami (Persero) Tbk,T,S1/D4,KOTA BANJAR BARU
293,UD Pratiwi,T,SMP,KOTA PROBOLINGGO
294,PT Uwais,T,SD,KABUPATEN KEPULAUAN SULA
295,Perum Anggriawan Tbk,T,SMA/SMK,KOTA CILEGON
296,PD Wijayanti (Persero) Tbk,T,SD,KABUPATEN TULANGBAWANG
297,PT Budiman,T,SD,KABUPATEN ENDE
298,PD Dabukke,T,S1/D4,KABUPATEN KEPULAUAN ANAMBAS
299,UD Saptono Megantara Tbk,T,SD,KABUPATEN BARITO TIMUR
300,Perum Maryadi Mandasari,T,S1/D4,KABUPATEN TULANG BAWANG BARAT
301,CV Saefullah Habibi,T,SD,KABUPATEN TOBA SAMOSIR
302,PT Santoso,T,S1/D4,KOTA SORONG
303,PD Dabukke Tbk,T,SMP,KABUPATEN TANA TORAJA
304,CV Kusmawati Marpaung Tbk,T,SD,KABUPATEN MUKOMUKO
305,PD Santoso (Persero) Tbk,T,SMP,KABUPATEN SLEMAN
306,CV Hutapea,T,SD,KABUPATEN MANOKWARI SELATAN
307,PT Andriani,T,SMA/SMK,KABUPATEN KEPULAUAN YAPEN
308,UD Habibi Yuliarti,T,SMP,KABUPATEN KONAWE UTARA
309,UD Hidayanto Kusumo,T,SMP,KOTA KEDIRI
310,PD Uwais Sinaga (Persero) Tbk,T,SMA/SMK,KABUPATEN KEPULAUAN ARU
311,CV Prasetya (Persero) Tbk,T,SMP,KABUPATEN INDRAGIRI HULU
312,PT Maheswara Usamah Tbk,T,SMA/SMK,KOTA PALANGKA RAYA
313,PT Usamah (Persero) Tbk,T,SD,KABUPATEN BENGKULU UTARA
314,Perum Prakasa Kuswandari (Persero) Tbk,T,S1/D4,KABUPATEN PESISIR SELATAN
315,Perum Pudjiastuti (Persero) Tbk,T,SMP,KABUPATEN TANAH LAUT
316,UD Setiawan Pratama Tbk,T,S1/D4,KABUPATEN SANGGAU
317,UD Yolanda,T,SMP,KABUPATEN SINJAI
318,PT Usamah Sihombing,T,SD,KABUPATEN BURU
319,PD Zulaika,T,SMA/SMK,KABUPATEN BANGKA SELATAN
320,CV Rajasa Winarsih Tbk,T,SMP,KOTA SOLOK
321,PT Maulana,T,SMP,KABUPATEN ROKAN HILIR
322,PT Simbolon Saragih,T,SMP,KABUPATEN KARANG ASEM
323,CV Hutagalung Tbk,T,S1/D4,KABUPATEN INTAN JAYA
324,CV Nashiruddin Rahmawati Tbk,T,SMP,KOTA LHOKSEUMAWE
325,CV Narpati Tbk,T,SD,KABUPATEN NGADA
326,PD Widodo,T,SMA/SMK,KABUPATEN TOJO UNA-UNA
327,CV Irawan,T,S1/D4,KABUPATEN LABUHAN BATU
328,Perum Waskita,T,SMP,KABUPATEN PEKALONGAN
329,Perum Hasanah Tbk,T,SD,KABUPATEN ROKAN HULU
330,Perum Rajasa,T,SMP,KOTA TANJUNG BALAI
331,PT Manullang Marpaung Tbk,T,SMA/SMK,KABUPATEN REMBANG
332,Perum Napitupulu (Persero) Tbk,T,SD,KABUPATEN LAMANDAU
333,UD Suryatmi Kuswoyo Tbk,T,SMP,KABUPATEN POSO
334,PD Iswahyudi,T,SD,KOTA BOGOR
335,PT Mandala Hartati,T,SMA/SMK,KABUPATEN BALANGAN
336,UD Wacana Tbk,T,SD,KABUPATEN SUMBA TIMUR
337,PD Mulyani Tbk,T,SMP,KOTA TARAKAN
338,CV Haryanto Widodo,T,SMA/SMK,KABUPATEN SRAGEN
339,CV Wijayanti (Persero) Tbk,T,SMA/SMK,KABUPATEN KARO
340,CV Wahyuni,T,SMP,KABUPATEN MUSI BANYUASIN
341,PT Rajasa Tbk,T,S1/D4,KABUPATEN LAMPUNG UTARA
342,UD Firmansyah Tbk,T,S1/D4,KABUPATEN PANGKAJENE DAN KEPULAUAN
343,UD Dabukke Setiawan Tbk,T,SD,KABUPATEN LEMBATA
344,UD Thamrin Sitorus,T,S1/D4,KOTA PADANG
345,PD Winarno Sihombing,T,SD,KOTA SUKABUMI
346,CV Simanjuntak Tbk,T,SD,KABUPATEN SABU RAIJUA
347,PT Wastuti Tbk,T,SMA/SMK,KABUPATEN BANJAR
348,Perum Habibi Purnawati (Persero) Tbk,T,SMA/SMK,KOTA BANDUNG
349,CV Widodo,T,SMP,KABUPATEN SANGGAU
350,PT Hastuti (Persero) Tbk,T,SMA/SMK,KABUPATEN SERAM BAGIAN TIMUR
351,UD Wahyudin Tampubolon,T,SMA/SMK,KOTA BINJAI
352,Perum Suryatmi,T,SMA/SMK,KABUPATEN PENUKAL ABAB LEMATANG ILIR
353,UD Firgantoro,T,SMP,KABUPATEN PANDEGLANG
354,PD Wacana Tbk,T,SMP,KABUPATEN LUWU UTARA
355,PT Padmasari Zulkarnain (Persero) Tbk,T,SMP,KOTA TARAKAN
356,Perum Anggraini (Persero) Tbk,T,SMA/SMK,KABUPATEN CIREBON
357,Perum Usamah Januar (Persero) Tbk,T,SMP,KOTA TEBING TINGGI
358,CV Hutapea (Persero) Tbk,T,SD,KABUPATEN PESAWARAN
359,Perum Widodo Laksmiwati (Persero) Tbk,T,SD,KABUPATEN CIANJUR
360,UD Nuraini,T,SD,KOTA BATU
361,UD Purnawati Setiawan (Persero) Tbk,T,SMP,KOTA SUBULUSSALAM
362,Perum Halimah Maulana,T,SMP,KABUPATEN OGAN ILIR
363,PD Mansur,T,SMA/SMK,KABUPATEN POHUWATO
364,UD Permadi Rahmawati Tbk,T,S1/D4,KOTA BENGKULU
365,PT Mardhiyah Haryanto,T,S1/D4,KABUPATEN MALUKU TENGGARA BARAT
366,CV Kuswandari,T,SMA/SMK,KABUPATEN MAGETAN
367,UD Prastuti Melani,T,S1/D4,KABUPATEN NIAS BARAT
368,CV Hartati Prakasa (Persero) Tbk,T,S1/D4,KABUPATEN GORONTALO UTARA
369,Perum Wahyudin (Persero) Tbk,T,S1/D4,KABUPATEN BUTON UTARA
370,UD Saptono,T,SMA/SMK,KOTA MALANG
371,Perum Zulaika,T,S1/D4,KABUPATEN BANGGAI
372,PD Nuraini (Persero) Tbk,T,SMP,KOTA BIMA
373,CV Susanti Tbk,T,SMP,KABUPATEN FLORES TIMUR
374,Perum Laksmiwati (Persero) Tbk,T,S1/D4,KABUPATEN ACEH JAYA
375,Perum Hutapea,T,SMA/SMK,KABUPATEN NGAWI
376,PT Putra,T,SD,KABUPATEN MALAKA
377,PD Napitupulu Hartati (Persero) Tbk,T,SMA/SMK,KABUPATEN OGAN KOMERING ULU TIMUR
378,CV Pradana Sihombing,T,S1/D4,KABUPATEN SUKOHARJO
379,CV Waskita,T,SD,KABUPATEN PUNCAK JAYA
380,PT Hutapea,T,S1/D4,KABUPATEN JAYAWIJAYA
381,Perum Pratama,T,SMA/SMK,KABUPATEN CILACAP
382,UD Wijayanti Hastuti,T,SD,KABUPATEN DEMAK
383,PD Thamrin Budiman,T,S1/D4,KABUPATEN BELITUNG TIMUR
384,Perum Gunarto Rajasa,T,SMP,KABUPATEN BANGKA TENGAH
385,PD Palastri Wahyuni (Persero) Tbk,T,SD,KABUPATEN PULAU MOROTAI
386,CV Saputra,T,SMP,KABUPATEN BENGKALIS
387,PD Pratama Sihombing,T,SMP,KOTA MAKASSAR
388,PD Yuniar Tbk,T,SD,KOTA LHOKSEUMAWE
389,PT Pradana Tbk,T,SMA/SMK,KABUPATEN MALUKU BARAT DAYA
390,CV Setiawan Hakim,T,SD,KABUPATEN TULANGBAWANG
391,PT Saragih Permadi (Persero) Tbk,T,S1/D4,KABUPATEN MAMUJU TENGAH
392,Perum Astuti Pratama Tbk,T,SMA/SMK,KABUPATEN BANGGAI LAUT
393,CV Oktaviani Kusumo,T,SMA/SMK,KABUPATEN NAGEKEO
394,Perum Kuswoyo (Persero) Tbk,T,S1/D4,KABUPATEN ACEH SELATAN
395,Perum Simbolon Simbolon,T,SD,KOTA SURAKARTA
396,Perum Suwarno Prayoga,T,SD,KOTA SERANG
397,UD Agustina,T,SMA/SMK,KABUPATEN KOTAWARINGIN TIMUR
398,Perum Jailani Waluyo,T,SMP,KABUPATEN TANAH BUMBU
399,Perum Agustina (Persero) Tbk,T,S1/D4,KOTA BANJAR
400,PD Prasetya,T,S1/D4,KABUPATEN JEMBER
401,PT Widiastuti,T,SMP,KOTA BANDAR LAMPUNG
402,Perum Gunarto (Persero) Tbk,T,SMA/SMK,KABUPATEN KAPUAS
403,PD Mandasari,T,SMA/SMK,KABUPATEN SIDOARJO
404,CV Saputra Prastuti Tbk,T,SMP,KABUPATEN MAMUJU
405,PT Siregar (Persero) Tbk,T,SMP,KABUPATEN HULU SUNGAI TENGAH
406,PT Suryatmi Maryadi,T,SMP,KABUPATEN KUNINGAN
407,PT Sihombing Maryati,T,SD,KABUPATEN PARIGI MOUTONG
408,PD Namaga (Persero) Tbk,T,SMA/SMK,KABUPATEN MOJOKERTO
409,PT Damanik Hartati Tbk,T,S1/D4,KABUPATEN LAMPUNG TIMUR
410,PD Saefullah Zulaika (Persero) Tbk,T,SMA/SMK,KABUPATEN LINGGA
411,PD Puspita Sitorus,T,SMP,KOTA JAKARTA SELATAN
412,PD Utami,T,S1/D4,KABUPATEN HUMBANG HASUNDUTAN
413,CV Suryatmi Mardhiyah,T,SMP,KABUPATEN KEDIRI
414,PT Yuliarti,T,SMA/SMK,KABUPATEN NIAS UTARA
415,UD Purnawati Puspasari Tbk,T,SMA/SMK,KABUPATEN TABANAN
416,UD Nainggolan Narpati (Persero) Tbk,T,SD,KABUPATEN BUTON UTARA
417,Perum Padmasari (Persero) Tbk,T,SD,KOTA METRO
418,Perum Rajata Winarsih,T,S1/D4,KABUPATEN WONOGIRI
419,CV Widodo Uwais (Persero) Tbk,T,S1/D4,KOTA TIDORE KEPULAUAN
420,Perum Handayani Zulaika,T,SD,KABUPATEN SABU RAIJUA
421,PD Mandala Prasetyo,T,SMP,KABUPATEN SIJUNJUNG
422,CV Widiastuti,T,SMA/SMK,KABUPATEN SEMARANG
423,UD Novitasari Winarno,T,SD,KABUPATEN SINTANG
424,Perum Siregar Dabukke (Persero) Tbk,T,SMP,KOTA MALANG
425,CV Hakim Megantara,T,SD,KABUPATEN MAMASA
426,UD Saefullah Saefullah,T,SMP,KABUPATEN MALUKU TENGGARA
427,UD Sihombing Mangunsong,T,S1/D4,KABUPATEN BANGGAI
428,PT Simbolon,T,SMP,KOTA MATARAM
429,UD Nuraini (Persero) Tbk,T,SD,KOTA MEDAN
430,UD Waskita,T,SMA/SMK,KABUPATEN BOJONEGORO
431,Perum Nasyiah Tamba,T,SMA/SMK,KABUPATEN INDRAGIRI HILIR
432,PD Nashiruddin Tbk,T,SMA/SMK,KOTA SINGKAWANG
433,CV Setiawan,T,SMA/SMK,KABUPATEN KONAWE SELATAN
434,UD Padmasari Tbk,T,SD,KABUPATEN BEKASI
435,PD Rajasa,T,SD,KABUPATEN BENGKALIS
436,PD Situmorang,T,SD,KABUPATEN MAMUJU UTARA
437,UD Hassanah Dabukke,T,SMA/SMK,KABUPATEN LUWU
438,UD Mustofa Halim,T,SMA/SMK,KOTA MAKASSAR
439,UD Sihombing,T,SMP,KABUPATEN NAGAN RAYA
440,Perum Tampubolon Tbk,T,SMP,KABUPATEN MADIUN
441,Perum Firmansyah Nasyidah (Persero) Tbk,T,S1/D4,KOTA SEMARANG
442,CV Nainggolan Tbk,T,SMA/SMK,KOTA MOJOKERTO
443,CV Palastri,T,SMA/SMK,KABUPATEN PULAU MOROTAI
444,CV Riyanti Situmorang (Persero) Tbk,T,SMP,KABUPATEN PEMALANG
445,CV Wasita Firgantoro,T,SMA/SMK,KABUPATEN BANGKA
446,Perum Yolanda,T,SMA/SMK,KABUPATEN BEKASI
447,Perum Novitasari Iswahyudi Tbk,T,SMP,KABUPATEN DELI SERDANG
448,Perum Wibowo (Persero) Tbk,T,S1/D4,KABUPATEN BUTON
449,CV Kusumo Waluyo,T,SD,KABUPATEN ENREKANG
450,CV Utami Tbk,T,SD,KABUPATEN DEMAK
451,UD Farida Haryanto Tbk,T,SD,KABUPATEN NGANJUK
452,PD Purnawati (Persero) Tbk,T,SMP,KABUPATEN NGADA
453,Perum Pranowo Widodo Tbk,T,SMA/SMK,KABUPATEN SUKABUMI
454,Perum Gunarto Wasita,T,SD,KABUPATEN POSO
455,PT Budiyanto Wahyudin,T,SMA/SMK,KABUPATEN PIDIE
456,UD Gunawan Wastuti,T,SMP,KOTA JAKARTA SELATAN
457,PD Widodo Yuniar,T,SMP,KABUPATEN KULON PROGO
458,UD Purwanti Kurniawan,T,SMA/SMK,KABUPATEN BONE
459,CV Handayani Hartati,T,SMP,KOTA MANADO
460,PT Handayani Iswahyudi,T,S1/D4,KABUPATEN PEGUNUNGAN BINTANG
461,Perum Hutasoit Irawan Tbk,T,S1/D4,KOTA BANJAR
462,PD Waluyo Firmansyah,T,SMA/SMK,KOTA SIBOLGA
463,UD Maryati Pranowo,T,SD,KABUPATEN PACITAN
464,CV Andriani Wahyudin (Persero) Tbk,T,SMP,KABUPATEN OGAN KOMERING ULU TIMUR
465,PT Yuliarti (Persero) Tbk,T,SMA/SMK,KABUPATEN SUKOHARJO
466,PD Rahayu Laksmiwati,T,SMA/SMK,KOTA BANJAR BARU
467,CV Siregar Tbk,T,SMP,KABUPATEN TOLIKARA
468,PD Ramadan Permata (Persero) Tbk,T,S1/D4,KABUPATEN MINAHASA SELATAN
469,PD Novitasari (Persero) Tbk,T,SMP,KABUPATEN PRINGSEWU
470,PT Kusumo Tbk,T,SMA/SMK,KOTA BAUBAU
471,PD Maheswara (Persero) Tbk,T,SMA/SMK,KABUPATEN TANAH BUMBU
472,PD Agustina Tbk,T,SMA/SMK,KABUPATEN DONGGALA
473,CV Simanjuntak Mustofa Tbk,T,SMA/SMK,KABUPATEN TANA TORAJA
474,Perum Suryatmi Wastuti Tbk,T,S1/D4,KOTA PADANG PANJANG
475,Perum Wijaya Adriansyah,T,S1/D4,KABUPATEN SANGGAU
476,UD Pratiwi Aryani,T,SMP,KABUPATEN BARRU
477,PT Hassanah Nainggolan,T,SD,KABUPATEN TASIKMALAYA
478,CV Tampubolon,T,SMP,KABUPATEN BOJONEGORO
479,CV Hartati Tbk,T,SMA/SMK,KABUPATEN BINTAN
480,Perum Sitompul (Persero) Tbk,T,SD,KABUPATEN MAMASA
481,UD Mardhiyah,T,S1/D4,KABUPATEN KEPAHIANG
482,Perum Anggraini Haryanti Tbk,T,S1/D4,KABUPATEN NIAS BARAT
483,Perum Sitompul (Persero) Tbk,T,SD,KABUPATEN BIMA
484,PD Waluyo Simbolon (Persero) Tbk,T,SMA/SMK,KABUPATEN BOLAANG MONGONDOW UTARA
485,UD Maheswara Suryatmi Tbk,T,SD,KABUPATEN MANDAILING NATAL
486,Perum Sudiati Pangestu (Persero) Tbk,T,SMP,KABUPATEN JAYAWIJAYA
487,CV Natsir Haryanti (Persero) Tbk,T,SMP,KOTA PEKANBARU
488,PT Tarihoran Najmudin,T,S1/D4,KOTA SAWAH LUNTO
489,PD Yolanda,T,S1/D4,KABUPATEN SRAGEN
490,Perum Saefullah,T,SMA/SMK,KABUPATEN BONE BOLANGO
491,UD Nababan (Persero) Tbk,T,S1/D4,KABUPATEN BOMBANA
492,CV Rajata Wijayanti,T,S1/D4,KABUPATEN SANGGAU
493,UD Mandasari Tbk,T,SMP,KABUPATEN ROKAN HILIR
494,UD Lestari Tampubolon,T,S1/D4,KABUPATEN MANDAILING NATAL
495,UD Yolanda,T,S1/D4,KABUPATEN ACEH SINGKIL
496,UD Sinaga,T,S1/D4,KABUPATEN REJANG LEBONG
497,PD Wahyudin Manullang,T,S1/D4,KOTA TANJUNG BALAI
498,CV Pranowo Haryanti Tbk,T,SMA/SMK,KABUPATEN CIANJUR
499,CV Sihombing Tbk,T,SMA/SMK,KABUPATEN DAIRI
500,CV Anggriawan Tbk,T,S1/D4,KABUPATEN BOJONEGORO
501,Perum Widiastuti,T,SMA/SMK,KOTA TANJUNG BALAI
502,PD Susanti Nasyidah,T,SMP,KABUPATEN PENUKAL ABAB LEMATANG ILIR
503,UD Handayani,T,SMA/SMK,KABUPATEN BELITUNG
504,UD Samosir,T,SMP,KABUPATEN OGAN KOMERING ULU TIMUR
505,PT Yuniar,T,SMA/SMK,KOTA BOGOR
506,UD Kusumo Tbk,T,SMP,KOTA PADANG
507,Perum Sihombing,T,SD,KOTA TIDORE KEPULAUAN
508,PT Natsir,T,SMP,KABUPATEN SAMPANG
509,PT Hasanah Nasyidah,T,S1/D4,KOTA TUAL
510,PT Hakim,T,SMA/SMK,KABUPATEN MINAHASA UTARA
511,Perum Puspita Yulianti,T,SD,KABUPATEN MAPPI
512,CV Kuswoyo Najmudin,T,SD,KOTA PADANGSIDIMPUAN
513,Perum Damanik Widodo Tbk,T,SMA/SMK,KABUPATEN SUMBAWA BARAT
514,UD Manullang Thamrin Tbk,T,SD,KABUPATEN BOLAANG MONGONDOW TIMUR
515,Perum Situmorang,T,SD,KOTA TASIKMALAYA
516,PD Haryanto,T,SD,KABUPATEN SIDOARJO
517,PD Pertiwi Marpaung Tbk,T,SMA/SMK,KABUPATEN HULU SUNGAI TENGAH
518,Perum Yolanda Tbk,T,SMP,KABUPATEN TEMANGGUNG
519,PT Prasetya Januar,T,SD,KABUPATEN MALUKU BARAT DAYA
520,PD Wahyudin,T,SMP,KABUPATEN GUNUNG MAS
521,UD Hartati Tbk,T,SMP,KOTA PALEMBANG
522,UD Narpati (Persero) Tbk,T,SMP,KOTA KUPANG
523,PD Pranowo,T,SMA/SMK,KOTA KENDARI
524,UD Purwanti Tbk,T,SMP,KABUPATEN KOTAWARINGIN BARAT
525,UD Adriansyah Mustofa Tbk,T,S1/D4,KABUPATEN LOMBOK TIMUR
526,Perum Hutasoit (Persero) Tbk,T,SMP,KABUPATEN MAMUJU TENGAH
527,UD Sihotang Kusmawati Tbk,T,SMP,KOTA BAUBAU
528,Perum Palastri Hassanah Tbk,T,S1/D4,KABUPATEN BANGGAI
529,Perum Wibisono Lazuardi (Persero) Tbk,T,SMP,KABUPATEN CIREBON
530,Perum Wastuti Haryanti (Persero) Tbk,T,SMP,KABUPATEN KAMPAR
531,CV Nashiruddin Waskita,T,SD,KABUPATEN HUMBANG HASUNDUTAN
532,UD Namaga (Persero) Tbk,T,SMP,KABUPATEN LABUHAN BATU UTARA
533,CV Mandala,T,SD,KABUPATEN SRAGEN
534,UD Zulaika Rahayu,T,S1/D4,KOTA LHOKSEUMAWE
535,CV Permata Tbk,T,SMA/SMK,KABUPATEN SIJUNJUNG
536,PT Habibi Pratiwi (Persero) Tbk,T,SD,KABUPATEN MALINAU
537,PT Mandasari Sihombing Tbk,T,SMA/SMK,KABUPATEN DEMAK
538,Perum Santoso Samosir,T,SD,KABUPATEN PAKPAK BHARAT
539,UD Zulaika Januar (Persero) Tbk,T,S1/D4,KABUPATEN KEBUMEN
540,UD Susanti,T,SMA/SMK,KABUPATEN BULELENG
541,UD Manullang,T,SMP,KABUPATEN BIAK NUMFOR
542,UD Kusumo,T,S1/D4,KABUPATEN TABANAN
543,Perum Rahmawati,T,S1/D4,KABUPATEN SIDOARJO
544,CV Narpati (Persero) Tbk,T,SMP,KABUPATEN KUBU RAYA
545,PD Hartati,T,SD,KABUPATEN KONAWE KEPULAUAN
546,PT Zulkarnain Wijaya,T,SMA/SMK,KABUPATEN BARITO SELATAN
547,CV Maulana,T,S1/D4,KABUPATEN PATI
548,UD Rahimah Safitri,T,SMA/SMK,KABUPATEN YALIMO
549,Perum Maheswara Manullang,T,SMA/SMK,KOTA JAKARTA TIMUR
550,UD Rahimah Kusmawati,T,SMP,KOTA SUNGAI PENUH
551,PD Prabowo Pratiwi (Persero) Tbk,T,SMA/SMK,KOTA BANJAR BARU
552,Perum Aryani,T,SMA/SMK,KABUPATEN BARITO UTARA
553,PT Iswahyudi Haryanti (Persero) Tbk,T,S1/D4,KOTA GORONTALO
554,PT Napitupulu Gunarto,T,SMA/SMK,KABUPATEN TAPIN
555,PD Nababan Waluyo Tbk,T,SD,KABUPATEN BULUKUMBA
556,PD Mangunsong Yulianti (Persero) Tbk,T,SMP,KABUPATEN WONOSOBO
557,UD Winarno Oktaviani (Persero) Tbk,T,SD,KABUPATEN DOMPU
558,CV Narpati (Persero) Tbk,T,SD,KABUPATEN SIDENRENG RAPPANG
559,UD Irawan Wahyudin,T,SMP,KOTA MEDAN
560,CV Pradipta Jailani,T,S1/D4,KABUPATEN DHARMASRAYA
561,PD Laksita Rajasa Tbk,T,SMP,KOTA BOGOR
562,CV Hakim Aryani (Persero) Tbk,T,S1/D4,KABUPATEN PIDIE JAYA
563,UD Maheswara Mangunsong Tbk,T,SMA/SMK,KABUPATEN PUNCAK
564,PT Rajasa Fujiati,T,SD,KABUPATEN TANGGAMUS
565,CV Santoso Pratiwi,T,S1/D4,KOTA JAYAPURA
566,UD Rahayu Kuswandari,T,SD,KOTA BAUBAU
567,CV Maryati (Persero) Tbk,T,S1/D4,KOTA PADANG
568,PT Nuraini Tbk,T,SD,KOTA JAYAPURA
569,Perum Wibisono,T,SMA/SMK,KOTA LANGSA
570,PD Salahudin Tbk,T,SMP,KABUPATEN TASIKMALAYA
571,UD Sitorus (Persero) Tbk,T,SD,KABUPATEN TABALONG
572,CV Napitupulu Rahimah,T,SMA/SMK,KABUPATEN BANYUMAS
573,UD Gunawan Habibi,T,SMA/SMK,KABUPATEN MANGGARAI
574,Perum Mansur,T,SMA/SMK,KABUPATEN TOLI-TOLI
575,PD Januar Rahayu,T,SMP,KABUPATEN ALOR
576,CV Suartini Rajasa,T,SMA/SMK,KABUPATEN PEGUNUNGAN BINTANG
577,UD Saragih,T,S1/D4,KABUPATEN WAY KANAN
578,PT Suartini Sihombing Tbk,T,S1/D4,KOTA DENPASAR
579,CV Januar Zulkarnain,T,SMP,KOTA TOMOHON
580,CV Napitupulu Fujiati (Persero) Tbk,T,SMP,KOTA MALANG
581,Perum Natsir Firgantoro,T,SMP,KABUPATEN CIAMIS
582,Perum Permata Gunawan Tbk,T,S1/D4,KABUPATEN KARAWANG
583,PD Haryanto Nugroho Tbk,T,SMA/SMK,KABUPATEN TULANG BAWANG BARAT
584,PD Marbun (Persero) Tbk,T,SMA/SMK,KABUPATEN SELUMA
585,UD Laksmiwati Mayasari,T,SMA/SMK,KABUPATEN INDRAMAYU
586,PT Winarsih,T,S1/D4,KABUPATEN SOLOK SELATAN
587,Perum Nuraini Marpaung (Persero) Tbk,T,SMP,KABUPATEN ACEH TENGGARA
588,Perum Farida,T,SMP,KABUPATEN KUBU RAYA
589,Perum Permadi Maryati (Persero) Tbk,T,S1/D4,KABUPATEN BIMA
590,UD Nainggolan Winarno Tbk,T,SMP,KABUPATEN SUMBAWA BARAT
591,Perum Dongoran,T,SMA/SMK,KOTA TERNATE
592,PD Megantara Tbk,T,S1/D4,KABUPATEN PEGUNUNGAN ARFAK
593,Perum Waskita Namaga (Persero) Tbk,T,SMA/SMK,KABUPATEN LAMPUNG SELATAN
594,Perum Pertiwi Tbk,T,SMP,KABUPATEN KAMPAR
595,PD Maryadi Tbk,T,SMA/SMK,KABUPATEN KEPULAUAN MERANTI
596,UD Nainggolan Waluyo (Persero) Tbk,T,SMA/SMK,KABUPATEN KARANG ASEM
597,CV Prasetya,T,SMA/SMK,KABUPATEN INDRAGIRI HULU
598,Perum Wijayanti Siregar Tbk,T,SD,KOTA TANJUNG PINANG
599,Perum Saputra Sihombing,T,SD,KOTA SORONG
600,PT Hariyah Mandasari,T,SD,KABUPATEN BANYUMAS
601,CV Pratiwi Aryani,T,SMA/SMK,KABUPATEN TELUK WONDAMA
602,PD Marpaung Tbk,T,SD,KABUPATEN GIANYAR
603,PT Anggriawan Iswahyudi,T,SMA/SMK,KABUPATEN BENGKULU TENGAH
604,PD Nasyiah Ramadan Tbk,T,SMA/SMK,KOTA PAGAR ALAM
605,CV Anggraini Susanti,T,S1/D4,KOTA KOTAMOBAGU
606,PD Budiyanto (Persero) Tbk,T,S1/D4,KABUPATEN BOMBANA
607,PD Januar Hidayat,T,SMP,KABUPATEN PUNCAK JAYA
608,CV Setiawan Tbk,T,SD,KABUPATEN ACEH SINGKIL
609,UD Suryatmi Prabowo (Persero) Tbk,T,S1/D4,KABUPATEN PINRANG
610,CV Hidayanto Waskita (Persero) Tbk,T,S1/D4,KABUPATEN KEPULAUAN SELAYAR
611,PT Wahyudin Simanjuntak,T,SMP,KABUPATEN SAMOSIR
612,CV Budiyanto Iswahyudi,T,SMA/SMK,KABUPATEN YAHUKIMO
613,Perum Maryadi Pranowo,T,SD,KOTA SALATIGA
614,UD Halimah Tbk,T,SMA/SMK,KABUPATEN LINGGA
615,CV Uyainah Farida (Persero) Tbk,T,SMP,KOTA JAMBI
616,PD Susanti,T,SMA/SMK,KOTA TANGERANG
617,PT Maulana Hakim,T,SD,KABUPATEN SIDENRENG RAPPANG
618,UD Nurdiyanti Sudiati,T,SMP,KABUPATEN BOYOLALI
619,PD Wibisono Tbk,T,SMA/SMK,KOTA TIDORE KEPULAUAN
620,UD Uwais Kuswoyo Tbk,T,SD,KABUPATEN KARO
621,UD Nababan Nainggolan,T,SMA/SMK,KABUPATEN MAMBERAMO RAYA
622,CV Wulandari,T,SMP,KABUPATEN PINRANG
623,CV Siregar Lazuardi,T,SMA/SMK,KABUPATEN KOLAKA
624,Perum Rahmawati Adriansyah (Persero) Tbk,T,SD,KABUPATEN KARAWANG
625,Perum Maulana Laksita (Persero) Tbk,T,S1/D4,KABUPATEN MIMIKA
626,PT Pranowo Tbk,T,S1/D4,KABUPATEN BANDUNG
627,PT Napitupulu (Persero) Tbk,T,SMP,KABUPATEN KAYONG UTARA
628,PT Permata Tbk,T,SMA/SMK,KABUPATEN NIAS UTARA
629,Perum Wibisono Tbk,T,SMP,KABUPATEN GUNUNG MAS
630,PD Wijaya Palastri Tbk,T,SD,KABUPATEN SIDOARJO
631,PD Permata Wahyudin,T,S1/D4,KABUPATEN TOLIKARA
632,PT Hassanah Gunarto,T,SD,KOTA LUBUKLINGGAU
633,UD Mardhiyah Siregar Tbk,T,SD,KABUPATEN ACEH UTARA
634,UD Suryono,T,SD,KABUPATEN LAHAT
635,PT Suartini Saefullah (Persero) Tbk,T,SD,KABUPATEN MALINAU
636,UD Permadi,T,S1/D4,KOTA KOTAMOBAGU
637,Perum Saputra,T,S1/D4,KABUPATEN PEMALANG
638,PD Maheswara Suwarno Tbk,T,SD,KABUPATEN GORONTALO
639,PD Damanik Tbk,T,SMP,KABUPATEN TOJO UNA-UNA
640,PT Widodo Kusumo (Persero) Tbk,T,S1/D4,KOTA BANJAR
641,PD Nasyidah Nasyidah,T,SD,KABUPATEN INDRAGIRI HILIR
642,CV Suryatmi Utama (Persero) Tbk,T,SMP,KABUPATEN KONAWE KEPULAUAN
643,CV Sihotang Yuniar,T,SD,KABUPATEN PURWOREJO
644,UD Sihombing,T,SMP,KABUPATEN MANGGARAI
645,CV Suryono Megantara (Persero) Tbk,T,SMP,KABUPATEN BANTAENG
646,CV Yuliarti Manullang Tbk,T,SD,KABUPATEN CIREBON
647,PT Ramadan Hutagalung,T,SD,KOTA DENPASAR
648,UD Widodo Tbk,T,SMA/SMK,KABUPATEN WAKATOBI
649,PD Irawan Zulkarnain,T,SMA/SMK,KOTA BEKASI
650,PD Salahudin,T,S1/D4,KOTA PEKANBARU
651,Perum Lazuardi,T,SD,KABUPATEN TELUK BINTUNI
652,CV Puspasari,T,SMA/SMK,KABUPATEN TANAH BUMBU
653,Perum Uwais Tbk,T,S1/D4,KABUPATEN KLUNGKUNG
654,CV Wacana Tbk,T,SMP,KABUPATEN LUWU TIMUR
655,PT Najmudin Yolanda,T,S1/D4,KABUPATEN DEIYAI
656,UD Tarihoran,T,S1/D4,KABUPATEN MAROS
657,PT Suryatmi Nababan,T,SMA/SMK,KABUPATEN BELITUNG
658,PT Kuswoyo Tarihoran Tbk,T,S1/D4,KOTA SURABAYA
659,CV Riyanti (Persero) Tbk,T,S1/D4,KABUPATEN PESISIR SELATAN
660,Perum Anggriawan,T,SD,KABUPATEN SERUYAN
661,CV Prasetyo (Persero) Tbk,T,SMP,KABUPATEN MAMBERAMO TENGAH
662,PT Setiawan Riyanti Tbk,T,SMP,KABUPATEN POSO
663,PD Wacana Nuraini,T,SMA/SMK,KOTA SABANG
664,PD Wijayanti Haryanti,T,SMA/SMK,KOTA BANJAR BARU
665,UD Puspita Tbk,T,SD,KOTA PADANG PANJANG
666,UD Rajasa (Persero) Tbk,T,SMP,KABUPATEN BOMBANA
667,PD Purwanti Sitorus,T,SD,KABUPATEN PESAWARAN
668,Perum Wibowo Mandasari (Persero) Tbk,T,SMA/SMK,KABUPATEN PEGUNUNGAN ARFAK
669,UD Marpaung Suartini,T,S1/D4,KOTA SAMARINDA
670,CV Padmasari (Persero) Tbk,T,SMA/SMK,KABUPATEN MUNA BARAT
671,UD Rajata,T,SD,KABUPATEN TANJUNG JABUNG BARAT
672,UD Yolanda,T,SMP,KABUPATEN BOLAANG MONGONDOW UTARA
673,UD Nurdiyanti,T,SD,KABUPATEN SAMOSIR
674,PD Safitri,T,SMA/SMK,KABUPATEN MAMUJU TENGAH
675,Perum Tamba Saptono,T,SD,KABUPATEN BOLAANG MONGONDOW SELATAN
676,PD Yuniar Setiawan Tbk,T,SMA/SMK,KABUPATEN BULUKUMBA
677,PD Prabowo Kuswoyo,T,SD,KOTA LUBUKLINGGAU
678,Perum Prasetyo Tbk,T,SMP,KOTA KEDIRI
679,Perum Iswahyudi (Persero) Tbk,T,S1/D4,KABUPATEN BATANG HARI
680,PD Winarsih (Persero) Tbk,T,SD,KABUPATEN AGAM
681,CV Purnawati,T,S1/D4,KABUPATEN INTAN JAYA
682,PT Prayoga Mansur,T,S1/D4,KOTA LANGSA
683,PT Hutapea Latupono,T,SMP,KABUPATEN BANGGAI KEPULAUAN
684,PT Yuliarti Tbk,T,S1/D4,KABUPATEN ROTE NDAO
685,PD Natsir Hidayanto,T,SMP,KABUPATEN MINAHASA
686,UD Zulaika Sihombing,T,SD,KABUPATEN BOMBANA
687,CV Lazuardi Suartini Tbk,T,SMP,KABUPATEN DAIRI
688,Perum Yuliarti Tbk,T,SMA/SMK,KABUPATEN BINTAN
689,PT Yuliarti Putra Tbk,T,SMA/SMK,KABUPATEN BADUNG
690,PD Rahayu Suryatmi (Persero) Tbk,T,SD,KABUPATEN PEGUNUNGAN BINTANG
691,UD Laksmiwati Ardianto (Persero) Tbk,T,SMA/SMK,KABUPATEN WONOGIRI
692,UD Kurniawan Rahmawati,T,SD,KABUPATEN SUBANG
693,PD Lailasari,T,SMP,KABUPATEN DEIYAI
694,CV Wastuti,T,SMP,KABUPATEN MUNA BARAT
695,UD Januar,T,SMP,KABUPATEN BOLAANG MONGONDOW SELATAN
696,CV Budiyanto,T,SMA/SMK,KABUPATEN EMPAT LAWANG
697,PD Kuswandari,T,S1/D4,KABUPATEN KEPULAUAN TALAUD
698,Perum Setiawan,T,SMA/SMK,KABUPATEN MALUKU TENGAH
699,Perum Safitri Tbk,T,SMP,KOTA PAREPARE
700,PD Kurniawan Tbk,T,SMP,KABUPATEN LUWU UTARA
701,PD Januar Winarno,T,SD,KABUPATEN JENEPONTO
702,Perum Laksmiwati Wulandari,T,SMA/SMK,KOTA BAUBAU
703,PD Hakim Zulaika,T,SMP,KABUPATEN MAYBRAT
704,UD Riyanti Tbk,T,SMP,KABUPATEN CIAMIS
705,CV Gunarto Laksita Tbk,T,SMA/SMK,KABUPATEN BUTON TENGAH
706,CV Yolanda,T,S1/D4,KABUPATEN NIAS BARAT
707,UD Yolanda,T,SMA/SMK,KABUPATEN BENGKAYANG
708,CV Farida Hutagalung,T,SD,KOTA TANJUNG PINANG
709,PD Lazuardi Wahyuni Tbk,T,SD,KOTA TARAKAN
710,PT Thamrin Januar Tbk,T,S1/D4,KABUPATEN SERAM BAGIAN TIMUR
711,Perum Wahyuni (Persero) Tbk,T,SMA/SMK,KABUPATEN SERDANG BEDAGAI
712,UD Prasetyo,T,SMP,KABUPATEN BATU BARA
713,CV Halim Fujiati (Persero) Tbk,T,SMP,KABUPATEN GORONTALO UTARA
714,PD Pudjiastuti Hariyah Tbk,T,SD,KOTA B A T A M
715,PT Halimah Tbk,T,S1/D4,KABUPATEN DONGGALA
716,CV Maulana,T,SD,KABUPATEN PAKPAK BHARAT
717,Perum Maryati Latupono,T,SMP,KABUPATEN TANA TORAJA
718,UD Andriani (Persero) Tbk,T,SMP,KABUPATEN POHUWATO
719,UD Salahudin,T,SD,KABUPATEN CIREBON
720,CV Prabowo Aryani,T,SD,KABUPATEN TASIKMALAYA
721,UD Siregar,T,SMA/SMK,KABUPATEN TULANG BAWANG BARAT
722,CV Hidayat Tbk,T,SMA/SMK,KABUPATEN MALAKA
723,Perum Saputra,T,SMA/SMK,KABUPATEN TRENGGALEK
724,Perum Widodo (Persero) Tbk,T,S1/D4,KABUPATEN DEMAK
725,PD Nashiruddin,T,SMA/SMK,KABUPATEN GORONTALO UTARA
726,PT Dabukke Yuliarti,T,SMA/SMK,KABUPATEN FAKFAK
727,PD Lailasari Pradipta (Persero) Tbk,T,SD,KABUPATEN PELALAWAN
728,Perum Hartati Utama,T,SD,KOTA TANGERANG SELATAN
729,UD Zulaika,T,SMA/SMK,KABUPATEN ROKAN HULU
730,CV Hassanah Tbk,T,S1/D4,KABUPATEN MUNA
731,PD Situmorang Usada,T,SD,KABUPATEN JEMBER
732,Perum Iswahyudi Iswahyudi,T,S1/D4,KABUPATEN BARITO KUALA
733,PD Ramadan Wahyuni (Persero) Tbk,T,SMP,KABUPATEN JAYAPURA
734,PD Wacana Safitri (Persero) Tbk,T,SMA/SMK,KABUPATEN PASAMAN BARAT
735,PT Tampubolon,T,SD,KABUPATEN ACEH TENGAH
736,PD Mandala Prakasa,T,S1/D4,KABUPATEN JEMBRANA
737,PT Usamah,T,S1/D4,KABUPATEN NGANJUK
738,CV Saptono (Persero) Tbk,T,SMA/SMK,KABUPATEN HALMAHERA UTARA
739,PD Winarsih (Persero) Tbk,T,SMP,KOTA PROBOLINGGO
740,Perum Gunawan,T,S1/D4,KABUPATEN MALUKU TENGAH
741,PT Prasetyo,T,SMA/SMK,KABUPATEN BANTAENG
742,PT Prakasa Wijaya,T,SMA/SMK,KOTA TEGAL
743,PT Sihombing,T,SMP,KABUPATEN KOTAWARINGIN BARAT
744,PT Sitorus Tbk,T,SMP,KOTA SURABAYA
745,Perum Wasita,T,S1/D4,KABUPATEN PADANG PARIAMAN
746,Perum Zulkarnain,T,SMP,KOTA SAWAH LUNTO
747,PT Hariyah (Persero) Tbk,T,SMP,KABUPATEN BENGKULU UTARA
748,Perum Usada,T,S1/D4,KABUPATEN TABANAN
749,UD Pratiwi Rahayu Tbk,T,SD,KABUPATEN TAPANULI UTARA
750,PT Pertiwi Tbk,T,S1/D4,KOTA JAKARTA TIMUR
751,UD Lailasari Hastuti (Persero) Tbk,T,S1/D4,KABUPATEN BARRU
752,Perum Hakim,T,SMA/SMK,KABUPATEN LOMBOK UTARA
753,UD Suwarno (Persero) Tbk,T,SD,KABUPATEN KEPULAUAN SANGIHE
754,CV Simbolon,T,SD,KABUPATEN KARO
755,PD Saragih Tbk,T,S1/D4,KABUPATEN BALANGAN
756,CV Astuti Uyainah Tbk,T,SMA/SMK,KABUPATEN NDUGA
757,PD Napitupulu (Persero) Tbk,T,S1/D4,KABUPATEN MUKOMUKO
758,PT Latupono,T,SMA/SMK,KABUPATEN LUMAJANG
759,PD Damanik,T,SMP,KABUPATEN BURU SELATAN
760,UD Rajata Mahendra,T,SD,KABUPATEN KUBU RAYA
761,UD Marbun Hardiansyah,T,SMA/SMK,KABUPATEN JAYAPURA
762,PT Mangunsong Wacana,T,SMP,KABUPATEN BANYUMAS
763,Perum Gunarto,T,S1/D4,KABUPATEN SUBANG
764,UD Rahayu Jailani,T,SD,KABUPATEN MUSI RAWAS UTARA
765,PD Mahendra (Persero) Tbk,T,SD,KABUPATEN BARITO SELATAN
766,Perum Prayoga Maryati Tbk,T,S1/D4,KABUPATEN WAROPEN
767,PD Situmorang Tbk,T,S1/D4,KABUPATEN PARIGI MOUTONG
768,PT Aryani Tbk,T,SMP,KABUPATEN REJANG LEBONG
769,CV Sitorus Siregar Tbk,T,S1/D4,KABUPATEN ASMAT
770,Perum Pradipta Prabowo Tbk,T,SMA/SMK,KABUPATEN SIMEULUE
771,UD Habibi,T,SMP,KABUPATEN PASURUAN
772,PT Tarihoran Latupono,T,SD,KABUPATEN BATANG
773,PD Pradipta Lestari Tbk,T,SD,KOTA PALU
774,Perum Sudiati,T,SMP,KABUPATEN OGAN KOMERING ILIR
775,PD Hutagalung Nugroho,T,SMP,KOTA MAGELANG
776,PT Kuswoyo,T,S1/D4,KABUPATEN PULAU TALIABU
777,PT Hasanah (Persero) Tbk,T,SMA/SMK,KOTA BONTANG
778,CV Pratama,T,SMA/SMK,KABUPATEN SEMARANG
779,PT Kusmawati,T,SMA/SMK,KABUPATEN KATINGAN
780,CV Winarno,T,SMA/SMK,KABUPATEN BOLAANG MONGONDOW TIMUR
781,Perum Utami Waluyo Tbk,T,SD,KABUPATEN BATU BARA
782,PT Wahyuni Anggriawan,T,SMP,KABUPATEN SUMBAWA BARAT
783,PD Nasyidah (Persero) Tbk,T,SMA/SMK,KABUPATEN MAMBERAMO TENGAH
784,Perum Palastri Safitri,T,SMA/SMK,KOTA PEKALONGAN
785,CV Fujiati Mulyani Tbk,T,SMA/SMK,KABUPATEN TORAJA UTARA
786,Perum Hastuti,T,S1/D4,KOTA CIMAHI
787,PT Hidayanto,T,S1/D4,KABUPATEN NIAS
788,Perum Nainggolan,T,SD,KABUPATEN ACEH BARAT
789,PT Puspasari Widodo,T,S1/D4,KOTA BAUBAU
790,UD Zulaika Tbk,T,SMA/SMK,KABUPATEN GROBOGAN
791,PD Marbun Tbk,T,S1/D4,KABUPATEN ACEH TIMUR
792,PT Hardiansyah Palastri (Persero) Tbk,T,S1/D4,KABUPATEN KAMPAR
793,PD Hardiansyah,T,SMA/SMK,KOTA TANGERANG SELATAN
794,UD Saragih Tampubolon,T,S1/D4,KABUPATEN MANDAILING NATAL
795,CV Sinaga Tbk,T,S1/D4,KOTA TANJUNG PINANG
796,PD Prasetya Mansur Tbk,T,SMA/SMK,KABUPATEN BANDUNG BARAT
797,UD Widiastuti Prasetya (Persero) Tbk,T,SD,KABUPATEN LAMPUNG UTARA
798,UD Hariyah,T,SD,KABUPATEN OGAN KOMERING ILIR
799,PT Najmudin Simanjuntak,T,SMA/SMK,KOTA PARIAMAN
800,PD Siregar,T,SMP,KABUPATEN MANOKWARI
801,CV Prasetya Pradana,T,SMA/SMK,KABUPATEN SUMEDANG
802,PD Pratama,T,SMP,KABUPATEN BANYUMAS
803,CV Laksita Hutasoit,T,SMA/SMK,KABUPATEN PASURUAN
804,Perum Pradana Mandasari Tbk,T,S1/D4,KABUPATEN BUTON TENGAH
805,PD Gunawan Riyanti,T,SMA/SMK,KABUPATEN ROKAN HULU
806,PD Sihotang,T,SMP,KABUPATEN ASMAT
807,PT Fujiati Rajasa (Persero) Tbk,T,SMA/SMK,KABUPATEN SERAM BAGIAN TIMUR
808,CV Mangunsong,T,SMP,KABUPATEN LEBAK
809,UD Usamah Winarno (Persero) Tbk,T,S1/D4,KABUPATEN PULANG PISAU
810,CV Lazuardi Rajata,T,SD,KABUPATEN SLEMAN
811,UD Sitompul Maryati Tbk,T,SD,KOTA PONTIANAK
812,Perum Maulana (Persero) Tbk,T,SD,KABUPATEN PASER
813,PT Marpaung Pertiwi Tbk,T,SMA/SMK,KOTA PAGAR ALAM
814,PT Sihombing Simbolon Tbk,T,SMP,KOTA PONTIANAK
815,CV Usamah Budiyanto,T,SD,KOTA JAYAPURA
816,PD Hariyah Simbolon (Persero) Tbk,T,SMP,KABUPATEN MINAHASA
817,PD Wibowo,T,S1/D4,KABUPATEN ACEH TIMUR
818,Perum Usamah,T,SMA/SMK,KABUPATEN LUWU UTARA
819,UD Hassanah (Persero) Tbk,T,SD,KOTA PALU
820,UD Rahimah,T,SMP,KABUPATEN TAPIN
821,CV Salahudin Anggraini,T,SD,KABUPATEN KENDAL
822,Perum Sitompul (Persero) Tbk,T,SMA/SMK,KABUPATEN TABANAN
823,UD Megantara,T,SMA/SMK,KABUPATEN PURBALINGGA
824,PT Siregar Firgantoro,T,SMA/SMK,KABUPATEN GUNUNG MAS
825,CV Yuliarti Napitupulu,T,SMA/SMK,KOTA PADANGSIDIMPUAN
826,UD Hakim Permata Tbk,T,SMP,KOTA TANJUNG PINANG
827,PD Sitompul Tbk,T,S1/D4,KABUPATEN BLITAR
828,CV Wibisono Tbk,T,SMP,KOTA SIBOLGA
829,PD Marbun Mandasari Tbk,T,SMP,KABUPATEN MANGGARAI BARAT
830,UD Astuti Napitupulu (Persero) Tbk,T,SMP,KABUPATEN SOLOK SELATAN
831,PT Thamrin Gunawan,T,SD,KABUPATEN BATU BARA
832,CV Pranowo Tbk,T,SMP,KOTA MAKASSAR
833,CV Saragih,T,SMA/SMK,KABUPATEN KARANG ASEM
834,PD Safitri (Persero) Tbk,T,SMP,KABUPATEN TAMBRAUW
835,Perum Dongoran Gunawan Tbk,T,SMA/SMK,KOTA PALANGKA RAYA
836,UD Simanjuntak,T,S1/D4,KABUPATEN BANYU ASIN
837,PD Zulaika Kusumo,T,SD,KABUPATEN HULU SUNGAI TENGAH
838,Perum Januar,T,SD,KABUPATEN BATU BARA
839,CV Yuniar Najmudin,T,SMP,KABUPATEN DOMPU
840,UD Sitompul Putra,T,SMP,KABUPATEN KUBU RAYA
841,Perum Napitupulu,T,SMP,KABUPATEN TOLI-TOLI
842,CV Ramadan,T,SD,KOTA JAMBI
843,UD Natsir Setiawan (Persero) Tbk,T,SMP,KABUPATEN MELAWI
844,CV Kusumo,T,SD,KABUPATEN KULON PROGO
845,Perum Haryanti,T,S1/D4,KABUPATEN MAYBRAT
846,PT Hartati,T,SD,KABUPATEN MAJALENGKA
847,Perum Mayasari Sirait,T,SMP,KABUPATEN BINTAN
848,Perum Puspita Winarsih (Persero) Tbk,T,SD,KABUPATEN MANGGARAI BARAT
849,Perum Wibowo Suryono Tbk,T,SMP,KOTA TIDORE KEPULAUAN
850,PT Wahyuni Halim (Persero) Tbk,T,SD,KOTA TIDORE KEPULAUAN
851,CV Ramadan Laksmiwati Tbk,T,S1/D4,KABUPATEN ACEH SINGKIL
852,PT Januar (Persero) Tbk,T,S1/D4,KOTA KUPANG
853,PD Pradipta Hakim,T,SMA/SMK,KABUPATEN PULAU TALIABU
854,Perum Hidayat Gunarto,T,S1/D4,KABUPATEN KAUR
855,Perum Yuliarti Irawan,T,SMP,KABUPATEN PEGUNUNGAN ARFAK
856,CV Siregar Pertiwi (Persero) Tbk,T,SMP,KOTA KENDARI
857,UD Hidayat (Persero) Tbk,T,SD,KABUPATEN KEPULAUAN SANGIHE
858,PT Zulaika Nainggolan Tbk,T,SMA/SMK,KABUPATEN GAYO LUES
859,PD Santoso Puspasari,T,SMA/SMK,KOTA SORONG
860,CV Mustofa Tbk,T,SD,KOTA BEKASI
861,UD Sitorus,T,SMA/SMK,KABUPATEN KAPUAS
862,PD Uwais,T,S1/D4,KOTA PADANGSIDIMPUAN
863,CV Prastuti (Persero) Tbk,T,SMA/SMK,KOTA SUNGAI PENUH
864,Perum Budiman Tbk,T,S1/D4,KABUPATEN BUTON SELATAN
865,PT Sinaga,T,SD,KOTA MADIUN
866,Perum Prabowo Siregar Tbk,T,S1/D4,KOTA PALEMBANG
867,UD Habibi,T,S1/D4,KOTA BANJAR
868,CV Mulyani Utami,T,SD,KABUPATEN NIAS SELATAN
869,UD Sinaga Tbk,T,SD,KABUPATEN MAPPI
870,Perum Napitupulu Permata,T,S1/D4,KABUPATEN KAIMANA
871,Perum Natsir Nababan Tbk,T,SMP,KABUPATEN MAGETAN
872,Perum Putra (Persero) Tbk,T,SMA/SMK,KABUPATEN PINRANG
873,CV Sihombing,T,SMP,KABUPATEN NGADA
874,Perum Adriansyah Mustofa,T,S1/D4,KOTA PAGAR ALAM
875,PD Prayoga,T,SMP,KABUPATEN MINAHASA TENGGARA
876,PT Suartini Tbk,T,SMP,KABUPATEN KUNINGAN
877,Perum Putra Najmudin,T,S1/D4,KABUPATEN SUMEDANG
878,Perum Firgantoro (Persero) Tbk,T,SMP,KABUPATEN POSO
879,CV Wibowo Anggriawan Tbk,T,SMA/SMK,KABUPATEN FAKFAK
880,PD Agustina Damanik,T,SD,KABUPATEN PARIGI MOUTONG
881,CV Anggriawan Melani Tbk,T,SMA/SMK,KOTA PAYAKUMBUH
882,PD Sirait Prabowo (Persero) Tbk,T,SD,KABUPATEN TAPANULI TENGAH
883,UD Laksmiwati (Persero) Tbk,T,SMA/SMK,KABUPATEN MEMPAWAH
884,CV Sihombing Firgantoro,T,SMP,KABUPATEN PAKPAK BHARAT
885,PD Siregar Jailani Tbk,T,S1/D4,KABUPATEN OGAN KOMERING ULU SELATAN
886,PD Mulyani Mustofa,T,SD,KABUPATEN BOLAANG MONGONDOW
887,Perum Fujiati,T,SMP,KABUPATEN KEPULAUAN MENTAWAI
888,PD Hardiansyah Tbk,T,S1/D4,KABUPATEN MAJALENGKA
889,PT Irawan Puspita,T,S1/D4,KOTA SIBOLGA
890,UD Simanjuntak,T,S1/D4,KABUPATEN POLEWALI MANDAR
891,PT Kurniawan Pudjiastuti (Persero) Tbk,T,SMA/SMK,KABUPATEN KUPANG
892,UD Pradana Oktaviani Tbk,T,SMA/SMK,KABUPATEN BIMA
893,PD Sinaga (Persero) Tbk,T,S1/D4,KABUPATEN KEPULAUAN MENTAWAI
894,UD Manullang Tbk,T,S1/D4,KABUPATEN PEGUNUNGAN ARFAK
895,PD Mandala Novitasari (Persero) Tbk,T,SMP,KABUPATEN KONAWE UTARA
896,UD Laksmiwati Saptono Tbk,T,S1/D4,KABUPATEN KEPULAUAN SERIBU
897,CV Nuraini Tbk,T,SD,KABUPATEN TABALONG
898,PT Gunawan Mahendra Tbk,T,SD,KABUPATEN BALANGAN
899,CV Salahudin Wastuti,T,S1/D4,KABUPATEN CIANJUR
900,CV Kuswoyo (Persero) Tbk,T,SMP,KABUPATEN MUARA ENIM
901,PD Saptono Tbk,T,SMA/SMK,KABUPATEN KOLAKA
902,PD Tarihoran Prabowo,T,S1/D4,KOTA BLITAR
903,PT Prasasta Handayani,T,SMP,KABUPATEN SERANG
904,PT Nasyidah Pangestu,T,S1/D4,KABUPATEN LEBONG
905,PT Dongoran,T,SD,KABUPATEN BARITO SELATAN
906,PD Dabukke Namaga (Persero) Tbk,T,SD,KABUPATEN MAMBERAMO TENGAH
907,Perum Uyainah Sudiati,T,S1/D4,KABUPATEN LABUHAN BATU UTARA
908,CV Prakasa Ramadan,T,SMP,KABUPATEN SAMPANG
909,UD Nashiruddin Tbk,T,SMP,KOTA SIBOLGA
910,UD Utama Tbk,T,SD,KABUPATEN GUNUNG KIDUL
911,PT Ardianto Tbk,T,SD,KABUPATEN KEPAHIANG
912,Perum Simanjuntak,T,SD,KABUPATEN KEPULAUAN SANGIHE
913,Perum Irawan Kurniawan,T,S1/D4,KABUPATEN PASAMAN BARAT
914,CV Prasetyo Purnawati,T,S1/D4,KOTA SURABAYA
915,Perum Rajata Padmasari (Persero) Tbk,T,SD,KABUPATEN MALUKU TENGGARA BARAT
916,UD Saptono,T,S1/D4,KABUPATEN MOROWALI
917,PT Sinaga Pratiwi,T,SD,KOTA JAKARTA TIMUR
918,PD Wastuti,T,S1/D4,KOTA PROBOLINGGO
919,PD Sihombing,T,SD,KABUPATEN BELITUNG TIMUR
920,Perum Rajasa Gunawan (Persero) Tbk,T,SMP,KOTA BANJAR
921,CV Putra (Persero) Tbk,T,SMA/SMK,KABUPATEN MURUNG RAYA
922,PD Nababan Mulyani (Persero) Tbk,T,SMP,KOTA PANGKAL PINANG
923,CV Pratama Wibisono (Persero) Tbk,T,S1/D4,KOTA BIMA
924,CV Riyanti (Persero) Tbk,T,SD,KOTA METRO
925,UD Nashiruddin (Persero) Tbk,T,SMP,KOTA TANGERANG SELATAN
926,PD Firmansyah Wibowo Tbk,T,SD,KABUPATEN MALAKA
927,PT Mangunsong Tarihoran (Persero) Tbk,T,S1/D4,KABUPATEN ROKAN HILIR
928,PD Sitompul,T,S1/D4,KABUPATEN KONAWE UTARA
929,PD Laksita Rajata,T,SMP,KABUPATEN KAIMANA
930,CV Setiawan Mansur,T,SMA/SMK,KABUPATEN MUSI RAWAS UTARA
931,PT Saragih Megantara Tbk,T,S1/D4,KABUPATEN KAIMANA
932,CV Situmorang Purwanti,T,SMA/SMK,KABUPATEN PENAJAM PASER UTARA
933,CV Nuraini Andriani,T,S1/D4,KABUPATEN WONOGIRI
934,PT Setiawan Tbk,T,SMA/SMK,KABUPATEN ACEH JAYA
935,Perum Winarno Tbk,T,S1/D4,KABUPATEN BUTON SELATAN
936,Perum Yuniar,T,SD,KOTA METRO
937,Perum Gunawan Agustina (Persero) Tbk,T,SMA/SMK,KABUPATEN SELUMA
938,PT Nasyiah Oktaviani,T,SMP,KOTA KEDIRI
939,UD Prasasta (Persero) Tbk,T,SD,KABUPATEN LABUHAN BATU SELATAN
940,UD Hutapea,T,SMA/SMK,KABUPATEN SARMI
941,PT Mardhiyah Utami (Persero) Tbk,T,SMP,KABUPATEN SITUBONDO
942,CV Haryanto Nababan Tbk,T,SMA/SMK,KABUPATEN GAYO LUES
943,UD Widiastuti Natsir,T,SD,KABUPATEN POSO
944,PD Agustina,T,S1/D4,KOTA LHOKSEUMAWE
945,UD Sudiati,T,SMP,KABUPATEN EMPAT LAWANG
946,Perum Susanti (Persero) Tbk,T,SMA/SMK,KABUPATEN KOTAWARINGIN TIMUR
947,PT Wastuti,T,S1/D4,KABUPATEN SUMENEP
948,PT Pradipta Pradipta,T,S1/D4,KABUPATEN BANDUNG BARAT
949,UD Nashiruddin,T,SMP,KABUPATEN PANIAI
950,Perum Nugroho (Persero) Tbk,T,SMA/SMK,KABUPATEN DHARMASRAYA
951,CV Prakasa Nurdiyanti,T,SMP,KOTA KENDARI
952,Perum Yolanda Purwanti Tbk,T,SMA/SMK,KABUPATEN LOMBOK BARAT
953,CV Hutapea Saragih,T,SMP,KABUPATEN BANDUNG
954,PT Pradana Zulkarnain,T,SD,KABUPATEN KUBU RAYA
955,PT Thamrin Suryono,T,SMA/SMK,KABUPATEN SUMBA BARAT DAYA
956,CV Maulana Ramadan (Persero) Tbk,T,SMA/SMK,KABUPATEN EMPAT LAWANG
957,PT Usamah Ramadan,T,SMA/SMK,KABUPATEN TUBAN
958,PD Winarsih Habibi Tbk,T,S1/D4,KABUPATEN PIDIE
959,CV Astuti,T,S1/D4,KABUPATEN MUSI RAWAS UTARA
960,PD Puspasari Sihombing,T,SMP,KOTA BANJAR BARU
961,Perum Wijayanti Tbk,T,SD,KABUPATEN LAHAT
962,PT Agustina Tbk,T,SMA/SMK,KABUPATEN CILACAP
963,CV Adriansyah Maryati Tbk,T,SMP,KOTA PAREPARE
964,UD Marpaung,T,SD,KABUPATEN BONDOWOSO
965,PD Pratiwi Tbk,T,S1/D4,KABUPATEN JEMBRANA
966,CV Widiastuti Hakim,T,S1/D4,KOTA SAWAH LUNTO
967,PT Rajasa Tbk,T,SMA/SMK,KABUPATEN BANGKA
968,UD Pratiwi Gunawan,T,SD,KABUPATEN ACEH BESAR
969,PD Nainggolan Maheswara Tbk,T,SD,KABUPATEN INTAN JAYA
970,CV Nuraini,T,S1/D4,KOTA SORONG
971,UD Sudiati Wacana Tbk,T,SMP,KOTA SOLOK
972,PT Nasyidah,T,SMA/SMK,KABUPATEN KAPUAS HULU
973,Perum Lestari Waluyo Tbk,T,SD,KABUPATEN BARRU
974,Perum Hakim,T,SMP,KABUPATEN DOGIYAI
975,PD Permadi Winarno,T,SD,KABUPATEN KARIMUN
976,PT Permata,T,SMP,KABUPATEN SOLOK
977,CV Hakim Yuliarti Tbk,T,SMP,KOTA PALU
978,PD Budiman (Persero) Tbk,T,SMA/SMK,KABUPATEN KEPULAUAN SULA
979,Perum Hutapea Lestari,T,SMA/SMK,KOTA TANGERANG
980,Perum Maheswara,T,SMP,KABUPATEN BIAK NUMFOR
981,CV Waluyo Kurniawan,T,SMP,KABUPATEN ASAHAN
982,Perum Palastri Firgantoro Tbk,T,SMP,KABUPATEN HALMAHERA BARAT
983,PD Mandasari (Persero) Tbk,T,SMP,KABUPATEN MAPPI
984,CV Lazuardi Lailasari Tbk,T,S1/D4,KABUPATEN INDRAGIRI HULU
985,CV Widiastuti (Persero) Tbk,T,SMP,KABUPATEN PASAMAN
986,PT Marpaung (Persero) Tbk,T,SMP,KABUPATEN LOMBOK BARAT
987,PD Wahyuni,T,SMP,KABUPATEN HALMAHERA TIMUR
988,PT Astuti,T,SD,KABUPATEN LOMBOK TENGAH
989,CV Saragih Sitompul,T,SMA/SMK,KABUPATEN MAJALENGKA
990,PT Marbun (Persero) Tbk,T,SD,KABUPATEN INTAN JAYA
991,PD Hakim Sihombing Tbk,T,SMA/SMK,KOTA BAUBAU
992,Perum Situmorang Hutagalung,T,SD,KABUPATEN KEPULAUAN SULA
993,UD Mulyani (Persero) Tbk,T,SMA/SMK,KABUPATEN MERAUKE
994,PD Suryono,T,SMA/SMK,KABUPATEN CILACAP
995,PT Yolanda Pratama,T,SMA/SMK,KABUPATEN TAPANULI TENGAH
996,PD Waluyo Tbk,T,SMP,KABUPATEN SERANG
997,PD Budiman Pertiwi Tbk,T,SD,KOTA BANDA ACEH
998,UD Haryanto Kuswoyo,T,SMP,KABUPATEN MALUKU BARAT DAYA
999,PD Sirait Permata (Persero) Tbk,T,S1/D4,KABUPATEN PONOROGO
1000,Perum Adriansyah (Persero) Tbk,T,SD,KABUPATEN SERANG
